question,response,doc,q_uid,answers,dataset,prompt_type,em_score,f1_score,is_empty,is_correct,is_partial,is_wrong
which multilingual approaches do they compare with?,"Based on the context, the authors compare their proposed cross-lingual pretraining based transfer approach with the following multilingual NMT (MNMT) approaches:

1. **MNMT (Johnson et al. 2016)** - The standard multilingual NMT model
2. **MNMT Agreement (Al-Shedivat and Parikh 2019)** - An improved MNMT with agreement mechanism (shown in Table 2 for Europarl)
3. **MNMT* (Gu et al. 2019)** - MNMT enhanced with back translation (shown in Table 3 for MultiUN)

These are listed as baselines in Tables 2 and 3, where the authors state: ""We compare our approaches with related approaches",1912.01214,b6f15fb6279b82e34a5bf4828b7b5ddabfdf1d54,"['BIBREF19, BIBREF20', 'multilingual NMT (MNMT) BIBREF19', ' ']",paper,cot,0.0,0.0689655172413793,False,False,False,True
what are the pivot-based baselines?,"Based on the context, the pivot-based baselines used in the experiments are:

1. **Pivoting** (in Europarl experiments, Table 2) - This is the standard pivot-based method that translates source → pivot → target in two separate steps.

2. **Pivoting m** (in MultiUN experiments, Table 3) - Described as ""strong pivoting m,",1912.01214,f5e6f43454332e0521a778db0b769481e23e7682,"['pivoting, pivoting$_{\\rm m}$', 'firstly translates a source language into the pivot language which is later translated to the target language', ' ']",paper,cot,0.0,0.1694915254237288,False,False,False,True
which datasets did they experiment with?,"Based on the context provided, the experiments were conducted on two public datasets:

1. **Europarl** (Koehn 2005)
2. **MultiUN** (Eisele and Chen 2010)

These datasets were chosen because they contain multi-parallel evaluation data to assess zero-shot translation performance. The paper evaluates on three language settings from Europarl (Fr-En-Es, De-En-Fr, Ro-En-De) and six zero-shot directions from MultiUN (Ar, Es, Ru with En as pivot).",1912.01214,9a05a5f4351db75da371f7ac12eb0b03607c4b87,"['Europarl, MultiUN', 'Europarl BIBREF31, MultiUN BIBREF32', ' ']",paper,cot,0.0,0.06451612903225806,False,False,False,True
what ner models were evaluated?,"Based on the context, three named entity recognition models were evaluated:

1. **Stanford NER** - A conditional random fields (CRF) classifier based on lexical and contextual features (current word, character-level n-grams, previous/next words, word shape, and sequence features)

2. **spaCy 2.0 NER** - Uses a CNN-based transition system with Bloom embeddings calculated from lowercase form, prefix, suffix, and shape, followed by residual CNNs for contextual representation

3. **Char-biLSTM+biLSTM+CRF** - A recurrent model that uses bidirectional LSTM cells for character-based feature extraction, concatenated with distributional word vectors (GloVe), followed by another bidirectional LSTM for contextual representation, and a CRF layer for sequence labeling

These three models are explicitly listed in Table III (""Evaluation results for named entity recognition algorithms"") and described in detail in Section V.A ""Models"".",1810.08699,18c5d366b1da8447b5404eab71f4cc658ba12e6f,"['Stanford NER, spaCy 2.0 , recurrent model with a CRF top layer', 'Stanford NER, spaCy 2.0, recurrent model with a CRF top layer', ' ']",paper,cot,0.0,0.140625,False,False,False,True
what is the source of the news sentences?,The news sentences were selected from over 250 news texts from **ilur.am** (specifically from http://ilur.am/news/newsline.html).,1810.08699,b5e4866f0685299f1d7af267bbcc4afe2aab806f,"['ilur.am', 'links between Wikipedia articles to generate sequences of named-entity annotated tokens', ' ']",paper,cot,0.0,0.13333333333333333,False,False,False,True
did they use a crowdsourcing platform for manual annotations?,"No, they did not use a crowdsourcing platform for manual annotations. According to the text, the authors manually annotated the test dataset themselves: ""In order to evaluate the models trained on generated data, we manually annotated a named entities dataset comprising 53453 tokens and 2566 sentences selected from over 250 news texts from ilur.am.""",1810.08699,1f085b9bb7bfd0d6c8cba1a9d73f08fcf2da7590,"['No', 'No', ' ']",paper,cot,0.0,0.04081632653061225,False,False,False,True
What crowdsourcing platform is used?,"Based on the provided context, the paper does not explicitly state that they used a specific crowdsourcing platform (like Amazon Mechanical Turk) for their own data collection. Instead, they describe hiring students directly:

- For the Dialog domain (DL-PS): ""we randomly select 20K sentences as our pool and **hire 43 students** to annotate the sentences""
- For the E-commerce domain (EC-MT and EC-UQ): ""**Five students participate the annotations** for this domain""

The only crowdsourcing platform mentioned in the text is **Amazon Mechanical Turk**, but this is referenced in the context of prior work by Snow et al. (2008): ""Snow et al. (2",1801.05147,2df4a045a9cd7b44874340b6fdf9308d3c55327a,"['They did not use any platform, instead they hired undergraduate students to do the annotation.', ' ', ' ']",paper,cot,0.0,0.13461538461538464,False,False,False,True
What types of social media did they consider?,"Based on the context provided, the researchers considered the following types of social media:

1. **Facebook** - This was their primary dataset. They created their own causal explanation dataset by collecting **3,268 random Facebook status update messages** (Section 3.1). They also used the **MyPersonality dataset** (Kosinski et al., 2013), which consists of Facebook data from consenting users.

2. **Yelp** - They used the **Yelp polarity dataset** (Zhang et al., 2015) for exploring causality in sentiment analysis, randomly selecting 10,000 positive and 10,000 negative reviews.

3. **Twitter** - While not their primary annotation dataset, they used **Twitter-trained resources**:
   - GLOVE word embeddings trained on Twitter data (Pennington et al., 2014)
   - Social-media-specific features from models ""directly trained on tweets""
   - They reference prior work on tweets (e.g., Mohammad et al., 2013; Lynn et al., 2017)

The main annotated dataset for their causal explanation pipeline was built from **Facebook status updates**, while Twitter and Yelp data were used for embeddings, features, and downstream application exploration respectively.",1809.01202,a4d115220438c0ded06a91ad62337061389a6747,"['Facebook status update messages', 'Facebook status update messages', ' ']",paper,cot,0.0,0.05128205128205127,False,False,False,True
Do they perform error analysis?,"Based on the provided context, the paper does **not** appear to perform error analysis. The text focuses on comparative performance metrics (accuracy, precision, recall, F1-score) across different embedding methods and classifiers, but there is no mention of:

- Error analysis or misclassification analysis
- Confusion matrices
- Qualitative examination of failure cases
- Analysis of specific types of errors (e.g., false positives vs. false negatives)
- Discussion of challenging examples or edge cases

The paper presents quantitative results in tables (Tables 3-7) and discusses which methods achieve the highest scores, but does not include any analysis of where or why the models make mistakes. The conclusion only suggests exploring the approach on larger datasets as future work.",2001.03131,133eb4aa4394758be5f41744c60c99901b2bc01c,"['No', 'No', ' ']",paper,cot,0.0,0.01904761904761905,False,False,False,True
What is the Random Kitchen Sink approach?,"Based on the provided paper, the **Random Kitchen Sink (RKS) approach** is a method that:

1. **Explicitly maps data vectors to a higher-dimensional space** where the data becomes linearly separable
2. **Provides an approximate kernel function via explicit mapping** using random Fourier features
3. **Uses random projections**",2001.03131,a778b8204a415b295f73b93623d09599f242f202,"['Random Kitchen Sink method uses a kernel function to map data vectors to a space where linear separation is possible.', 'explicitly maps data vectors to a space where linear separation is possible, RKS method provides an approximate kernel function via explicit mapping', ' ']",paper,cot,0.0,0.5573770491803278,False,False,True,False
What are the performance metrics used?,"Based on the context, the following performance metrics are used:

1. **Joint Goal Accuracy (JG Acc.)** - The primary metric, which requires all domains, slots, and values generated to be exactly matched with the labels. As stated: ""As a convention, the metric of joint goal accuracy is used to compare our",1909.00754,72ceeb58e783e3981055c70a3483ea706511fac3,"['joint goal accuracy', ' ', ' ']",paper,cot,0.0,0.1276595744680851,False,False,False,True
Which datasets are used to evaluate performance?,"Based on the context, the model is evaluated on two datasets:

1. **WoZ2.0** - A single-domain dataset consisting of 1,200 dialogues from the restaurant reservation domain with three pre-defined slots (food, price range, area)

2. **MultiWoZ** - A multi-domain dataset with 7 domains and 25 pre-defined slots (35 combined slot-value pairs)

These are explicitly stated in Section 4.1: ""We first test our model on the single domain dataset, WoZ2.0... Our model is also tested on the multi-domain dataset, MultiWoZ"" and shown in Tables 2, 3, 4, and 5.",1909.00754,9bfa46ad55136f2a365e090ce585fc012495393c,"['the single domain dataset, WoZ2.0 , the multi-domain dataset, MultiWoZ', ' ', ' ']",paper,cot,0.0,0.1627906976744186,False,False,False,True
how are multiple answers from multiple reformulated questions aggregated?,,1705.0783,33d2919f3400cd3c6fbb6960d74187ec80b41cd6,"['The selection model selects the best answer from the set $\\lbrace a_i\\rbrace _{i=1}^N$ observed during the interaction by predicting the difference of the F1 score to the average F1 of all variants.', ' ', ' ']",paper,cot,0.0,0.0,True,False,False,False
