question,response,doc,q_uid,answers,dataset,prompt_type
What benefits are provided by the company to qualifying domestic retirees and their eligible dependents?,"The Company provides postretirement health care and life insurance benefits to qualifying domestic retirees and their eligible dependents. The health care plan is contributory at retirement (for shore-based employees, their dependents, and seagoing licensed deck officers and their dependents), while the life insurance plan is noncontributory. Postretirement medical coverage is generally provided to shore-based employees hired prior to January 1, 2005 and all Deck Officers who meet minimum age and service requirements. The Company no longer provides prescription drug coverage once retirees or their beneficiaries reach age 65.",overseas-shipholding-group-inc_2019,bbdcf6da614f34fdb63995661c81613f,"{'answer': ['certain postretirement health care and life insurance benefits'], 'answer_type': 'span', 'scale': ''}",tat,fewshot
"What is the change in Interest cost on benefit obligation for pension benefits from December 31, 2018 and 2019?","The interest cost on benefit obligation for pension benefits was $1,802 in 2019 and $1,673 in 2018, representing an increase of $129.",overseas-shipholding-group-inc_2019,0bf2a781ac6044d4d9dd94bd6cc1f790,"{'answer': ['129'], 'answer_type': 'arithmetic', 'scale': ''}",tat,fewshot
"What is the average Interest cost on benefit obligation for pension benefits for December 31, 2018 and 2019?","The interest cost on benefit obligation for pension benefits was $1,802 for 2019 and $1,673 for 2018. The average of these two amounts is $1,737.5.",overseas-shipholding-group-inc_2019,0da3eed3b582066de46f7d62c8383aca,"{'answer': ['1737.5'], 'answer_type': 'arithmetic', 'scale': ''}",tat,fewshot
"In which year was Benefit obligation at beginning of year for pension benefits less than 45,000?",2019,overseas-shipholding-group-inc_2019,097768406a84ad50931b8170bfb69b2b,"{'answer': ['2019'], 'answer_type': 'span', 'scale': ''}",tat,fewshot
What was the Interest cost on benefit obligation in 2019 and 2018 respectively?,,overseas-shipholding-group-inc_2019,0bbedf7757da1e79b723f2641bea587c,"{'answer': ['1,802', '1,673'], 'answer_type': 'multi-span', 'scale': ''}",tat,fewshot
What was the Benefit obligation at year end of 2019 for pension benefits?,"$46,936",overseas-shipholding-group-inc_2019,8d27bdfb3d39a13af1a5b555dab318ea,"{'answer': ['46,936'], 'answer_type': 'span', 'scale': ''}",tat,fewshot
"When did the Company sold one ATB and one barge for $2,367?","On December 6, 2018",overseas-shipholding-group-inc_2019,cb5baa19e90999a25a7f5c3ff9f20f54,"{'answer': ['December 6, 2018'], 'answer_type': 'span', 'scale': ''}",tat,fewshot
"What is the change in Total vessels and other property from Years Ended December 31, 2018 to 2019?","The change in Total Vessels, Deferred Drydock and Other Property from December 31, 2018 to December 31, 2019 is an increase of $137,188 thousand (from $623,758 thousand to $760,946 thousand).",overseas-shipholding-group-inc_2019,91049515811474e133c9aa282154424b,"{'answer': ['139553'], 'answer_type': 'arithmetic', 'scale': ''}",tat,fewshot
"What is the average Total vessels and other property for Years Ended December 31, 2018 to 2019?","The average Total Vessels, Deferred Drydock and Other Property for the years ended December 31, 2018 and 2019 is **$692,352 thousand** (or $692.352 million).

**Calculation:**
- December 31, 2019: $760,946 thousand
- December 31, 2018: $623,758 thousand
- Average = ($760",overseas-shipholding-group-inc_2019,bc34dea163e3501b82253f5756696192,"{'answer': ['667435.5'], 'answer_type': 'arithmetic', 'scale': ''}",tat,fewshot
"In which year was Vessels, at cost less than 900,000?",,overseas-shipholding-group-inc_2019,a8ff2da9bb583e6dc74fe39e144a7049,"{'answer': ['2018'], 'answer_type': 'span', 'scale': ''}",tat,fewshot
"What was the value of Vessels, net in 2019 and 2018 respectively?","Based on the consolidated balance sheets, the value of Vessels and other property, less accumulated depreciation and amortization (net vessels) was:

- **2019**: $737,212 thousand
- **2018**: $597,659 thousand",overseas-shipholding-group-inc_2019,ff06d83c2832cd8f43f1a6c350b5b7ae,"{'answer': ['644,312', '596,929'], 'answer_type': 'multi-span', 'scale': ''}",tat,fewshot
"When did the company take the delivery of two 50,000 DWT class products?","On September 30, 2019, the Company took delivery of two 50,000 DWT class product and chemical tankers at Hyundai Mipo Dockyard Co., Ltd.",overseas-shipholding-group-inc_2019,dc054f9fade3b3bf99e2a304abe5be71,"{'answer': ['September 30, 2019'], 'answer_type': 'span', 'scale': ''}",tat,fewshot
Does the company believe that believe that further disaggregation would result in increased insight into the economic factors?,"No, the Company does not believe that further disaggregation would result in increased insight into the economic factors impacting revenue and cash flows.",overseas-shipholding-group-inc_2019,faa882a37c13bf158847ea6a5cf676ae,"{'answer': ['the Company does not believe that further disaggregation would result in increased insight into the economic factors impacting revenue and cash flows.'], 'answer_type': 'span', 'scale': ''}",tat,fewshot
"What is the change in Time and bareboat charter revenues from Years Ended December 31, 2018 to 2019?","The change in Time and bareboat charter revenues from 2018 to 2019 was an increase of $49,760 (from $213,923 in 2018 to $263,683 in 2019).",overseas-shipholding-group-inc_2019,067cedaf057ae5787e7020df5890b145,"{'answer': ['49760'], 'answer_type': 'arithmetic', 'scale': ''}",tat,fewshot
"What is the average Time and bareboat charter revenues for Years Ended December 31, 2018 to 2019?",,overseas-shipholding-group-inc_2019,409bd1782b125777fec8808366b0d9e1,"{'answer': ['238803'], 'answer_type': 'arithmetic', 'scale': ''}",tat,fewshot
"In which year was Voyage charter revenues less than 50,000?",,overseas-shipholding-group-inc_2019,6051c7c6319c56f53bbe140382c6da24,"{'answer': ['2019'], 'answer_type': 'span', 'scale': ''}",tat,fewshot
What was the Time and bareboat charter revenues revenues in 2019 and 2018 respectively?,"Time and bareboat charter revenues were $263,683 thousand in 2019 and $213,923 thousand in 2018.",overseas-shipholding-group-inc_2019,f7af7aebbd48ae1684ba8f8d7402c3fa,"{'answer': ['$263,683', '$213,923'], 'answer_type': 'multi-span', 'scale': ''}",tat,fewshot
What was the Contracts of affreightment revenues in 2019 and 2018 respectively?,"Contracts of affreightment revenues were $58,589 in 2019 and $68,698 in 2018.",overseas-shipholding-group-inc_2019,0edf2f7aeed2b8ca6a2e0ed95641bf15,"{'answer': ['58,589', '68,698'], 'answer_type': 'multi-span', 'scale': ''}",tat,fewshot
How much did TCE revenues increased during 2019 from 2018?,"$8,426 (or 2.6%)",overseas-shipholding-group-inc_2019,7fdaeb1ffd7907b170eb3941572cc133,"{'answer': ['$8,426'], 'answer_type': 'span', 'scale': ''}",tat,fewshot
What led to the increase in TCE revenues?,The increase in TCE revenues primarily resulted from an increase in average daily rates earned by the fleet and decreased spot market exposure.,overseas-shipholding-group-inc_2019,15c3b108d5f51d0b23d4d3c29904c9e6,"{'answer': ['an increase in average daily rates earned by our fleet and decreased spot market exposure.'], 'answer_type': 'span', 'scale': ''}",tat,fewshot
What is the vessel expenses in 2019 and 2018 respectively?,"Vessel expenses were $134,618 thousand in 2019 and $134,956 thousand in 2018.",overseas-shipholding-group-inc_2019,a9f15932f8850b4316919a187eca8479,"{'answer': ['$134,618', '$134,956'], 'answer_type': 'multi-span', 'scale': ''}",tat,fewshot
What is the change in Jones Act Handysize Product Carriers: Average rate in Spot Earnings between 2018 and 2019?,"The Jones Act Handysize Product Carriers' average spot earnings rate decreased from $31,254 in 2018 to $25,036 in 2019, a change of -$6,218.",overseas-shipholding-group-inc_2019,8197ed82360b55cee945e9e3a0e75f07,"{'answer': ['-6218'], 'answer_type': 'arithmetic', 'scale': ''}",tat,fewshot
What is the change in Jones Act Handysize Product Carriers: Revenue days in Spot Earnings between 2018 and 2019?,"The revenue days for Jones Act Handysize Product Carriers in Spot Earnings decreased from 1,142 in 2018 to 523 in 2019, a change of -619 revenue days.",overseas-shipholding-group-inc_2019,883a6b16a4b0d32bc8b648da0129567e,"{'answer': ['-619'], 'answer_type': 'arithmetic', 'scale': ''}",tat,fewshot
What is the change in Non-Jones Act Handysize Product Carriers: Average rate in Spot Earnings between 2018 and 2019?,"$4,746 increase (from $25,925 in 2018 to $30,671 in 2019)",overseas-shipholding-group-inc_2019,1fa1b79c44fb7405bc58b95dd92783fb,"{'answer': ['4746'], 'answer_type': 'arithmetic', 'scale': ''}",tat,fewshot
"How much was the lease expense relating to charters-in for the year ended December 31, 2018?","$91,350",overseas-shipholding-group-inc_2019,3f6892dbbab16b3aa58061b34ff6a44a,"{'answer': ['$91,350'], 'answer_type': 'span', 'scale': ''}",tat,fewshot
What is the change in future minimum commitments of Operating Leases from 2020 to 2021?,"The future minimum commitments for Operating Leases were $92,404 for 2020 and $91,164 for 2021, representing a decrease of $1,240.",overseas-shipholding-group-inc_2019,906e62e9964cf5440007ffc9c650a874,"{'answer': ['-1240'], 'answer_type': 'arithmetic', 'scale': ''}",tat,fewshot
What is the average future minimum commitments of Operating Leases for 2020 to 2021?,"The future minimum commitments for operating leases are:
- 2020: $92,404
- 2021: $91,164

Average = ($92,404 + $91,164) / 2 = $183,568 / 2 = $91,784

$91,784",overseas-shipholding-group-inc_2019,100a942206e315706a5fc2c314b9614f,"{'answer': ['91784'], 'answer_type': 'arithmetic', 'scale': ''}",tat,fewshot
"In which year was Operating Leases greater than 100,000?",,overseas-shipholding-group-inc_2019,ccc7a9080e0fea2e3181976dc634e30f,"{'answer': ['2022'], 'answer_type': 'span', 'scale': ''}",tat,fewshot
What was the Finance Lease in 2020 and 2021 respectively?,"Based on the future minimum commitments table at December 31, 2019:

- **2020 Finance Lease**: $4,172
- **2021 Finance Lease**: $4,161",overseas-shipholding-group-inc_2019,bd6b76d0c551e67187a5a2310ffc22b7,"{'answer': ['$4,172', '4,161'], 'answer_type': 'multi-span', 'scale': ''}",tat,fewshot
What was the Finance Lease in 2022 and 2023 respectively?,,overseas-shipholding-group-inc_2019,d014fbebfa1d081a6bce13d69d7a4d6d,"{'answer': ['4,161', '4,161'], 'answer_type': 'multi-span', 'scale': ''}",tat,fewshot
"Was there weighted average shares of unvested Class A restricted common stock shares considered to be participating securities as of December 31, 2019 and 2018?","No, as of December 31, 2019 and 2018, there were no weighted average shares of unvested Class A restricted common stock shares considered to be participating securities.",overseas-shipholding-group-inc_2019,b94f5c918a468a7b1d2a4486b9e6ff92,"{'answer': ['As of December 31, 2019 and 2018, there were no weighted average shares of unvested Class A restricted common stock shares considered to be participating securities.'], 'answer_type': 'span', 'scale': ''}",tat,fewshot
"How much was the shares of Class A restricted stock unit as of December 31, 2019?","1,718,865 shares",overseas-shipholding-group-inc_2019,8e121976a26a4d5d53efd7a2efdc325b,"{'answer': ['1,718,865'], 'answer_type': 'span', 'scale': ''}",tat,fewshot
"How much was the shares of Class A restricted stock unit as of December 31, 2018?","912,315",overseas-shipholding-group-inc_2019,35adde8b884b3837a1c434dc3e780327,"{'answer': ['912,315'], 'answer_type': 'span', 'scale': ''}",tat,fewshot
"What is the change in Net income from Years Ended December 31, 2018 to 2019?","The net income decreased by $4,814 thousand (from $13,489 thousand in 2018 to $8,675 thousand in 2019).",overseas-shipholding-group-inc_2019,60832f30d7699c9e24155f5729855bcf,"{'answer': ['-4814'], 'answer_type': 'arithmetic', 'scale': ''}",tat,fewshot
"What is the change in Weighted average common shares outstanding: Class A common stock – basic from Years Ended December 31, 2018 to 2019?","The weighted average common shares outstanding for Class A common stock – basic increased by 857,238 shares, from 88,394,580 in 2018 to 89,251,818 in 2019.",overseas-shipholding-group-inc_2019,fc628f9c7cd352e35c73fb179536ba96,"{'answer': ['857238'], 'answer_type': 'arithmetic', 'scale': ''}",tat,fewshot
"What is the average Net income for Years Ended December 31, 2018 to 2019?","$11,082 thousand",overseas-shipholding-group-inc_2019,ed78c51011874fe47d3910ab9794cce6,"{'answer': ['11082'], 'answer_type': 'arithmetic', 'scale': ''}",tat,fewshot
For which years did U.S. Internal Revenue Service completed exams on the Company's U.S. federal income tax returns?,The U.S. Internal Revenue Service completed exams on the Company's U.S. federal income tax returns for years 2012 - 2015.,overseas-shipholding-group-inc_2019,d4b5e468954928032e7ab1a4035b667c,"{'answer': ['2012 - 2015'], 'answer_type': 'span', 'scale': ''}",tat,fewshot
"What is the change in Balance of unrecognized tax benefits as of January 1, from Years Ended December 31, 2018 to 2019?",,overseas-shipholding-group-inc_2019,856ccf4ce7242777ba844b2399436643,"{'answer': ['-36014'], 'answer_type': 'arithmetic', 'scale': ''}",tat,fewshot
"What is the average Balance of unrecognized tax benefits as of January 1, for Years Ended December 31, 2018 to 2019?","$19,233",overseas-shipholding-group-inc_2019,1c529eaf3fabcc335b18db1dc8a9a444,"{'answer': ['19233'], 'answer_type': 'arithmetic', 'scale': ''}",tat,fewshot
"In which year was Increases for positions taken in prior years less than 1,000?","Based on the provided context, there is no mention of ""Increases for positions taken in prior years less than 1,000"" or any similar language regarding tax",overseas-shipholding-group-inc_2019,70b9c20fdab23a9cd16c8474c2be6d9c,"{'answer': ['2018'], 'answer_type': 'span', 'scale': ''}",tat,fewshot
What was the Rate change in 2019 and 2018 respectively?,,overseas-shipholding-group-inc_2019,918d6fb907a4ff383e5d8e9da7db2728,"{'answer': ['(84)', '0'], 'answer_type': 'multi-span', 'scale': ''}",tat,fewshot
"What was the Balance of unrecognized tax benefits as of December 31, 2019?","$2,495 (in thousands)",overseas-shipholding-group-inc_2019,498fcb0c8711f348dfc1391e552da81e,"{'answer': ['$2,495'], 'answer_type': 'span', 'scale': ''}",tat,fewshot
"How much did revenues increased for the year ended December 31, 2018 as a result of applying ASC 606?","$1,418",overseas-shipholding-group-inc_2019,36e8350f9f066fa3c5875dc9cb546bc2,"{'answer': ['$1,418'], 'answer_type': 'span', 'scale': ''}",tat,fewshot
"How much did net income increased for the year ended December 31, 2018 as a result of applying ASC 606?","$1,101",overseas-shipholding-group-inc_2019,666017c47ea6d36a5f1a142971929ee6,"{'answer': ['$1,101'], 'answer_type': 'span', 'scale': ''}",tat,fewshot
"How much did basic and diluted income increased for the year ended December 31, 2018 as a result of applying ASC 606?",$0.01 per share,overseas-shipholding-group-inc_2019,a2e47d5aa34c6d5c497606ad943c1404,"{'answer': ['$0.01'], 'answer_type': 'span', 'scale': ''}",tat,fewshot
"What is the change in Assets: Voyage receivables from Balance at December 31, 2017 to January 1, 2018?","$1,336",overseas-shipholding-group-inc_2019,4a7f1f7b7849dd862281675cd44a66e3,"{'answer': ['1336'], 'answer_type': 'arithmetic', 'scale': ''}",tat,fewshot
"What is the change in Liabilities: Deferred income taxes from Balance at December 31, 2017 to January 1, 2018?",,overseas-shipholding-group-inc_2019,65dac64cb09b645dd52cc8f4a696544e,"{'answer': ['-108'], 'answer_type': 'arithmetic', 'scale': ''}",tat,fewshot
"What is the average Assets: Voyage receivables for Balance at December 31, 2017 to January 1, 2018?","$24,877 thousand",overseas-shipholding-group-inc_2019,47de5ff31b0f887ca68128324e2bc981,"{'answer': ['24877'], 'answer_type': 'arithmetic', 'scale': ''}",tat,fewshot
"How much did the company paid (net of refunds received) of income taxes during the years ended December 31, 2019 and 2018 respectively?","During the years ended December 31, 2019 and 2018, the Company paid (net of refunds received) $1,293 and $1,313, respectively, of income taxes.",overseas-shipholding-group-inc_2019,3db311523025319e022d38381153a081,"{'answer': ['$1,293', '$1,313'], 'answer_type': 'multi-span', 'scale': ''}",tat,fewshot
"What is the change in Net deferred tax liabilities from December 31, 2018 to 2019?",,overseas-shipholding-group-inc_2019,f1391674f685fc8a64561467a2a72578,"{'answer': ['-532'], 'answer_type': 'arithmetic', 'scale': ''}",tat,fewshot
"What is the average Net deferred tax liabilities for December 31, 2018 to 2019?",,overseas-shipholding-group-inc_2019,557df27d862ca6bad16871d47118b8a9,"{'answer': ['73099'], 'answer_type': 'arithmetic', 'scale': ''}",tat,fewshot
"In which year was Prepaid expenditures less than 6,000?",,overseas-shipholding-group-inc_2019,6122b1882bcd7b0a238a04bce284e40e,"{'answer': ['2019'], 'answer_type': 'span', 'scale': ''}",tat,fewshot
What was the Prepaid expenditures in 2019 and 2018 respectively?,"The provided context does not contain information about prepaid expenditures for 2019 and 2018. The text includes various financial data such as revenues, vessel expenses, depreciation, debt, interest expense, tax information, pension details, and accumulated other comprehensive loss, but does not mention prepaid expenditures or prepaid expenses.",overseas-shipholding-group-inc_2019,f0a1bd31aa64c790c41e42920619040b,"{'answer': ['5,621', '7,108'], 'answer_type': 'multi-span', 'scale': ''}",tat,fewshot
What was the total deferred tax liabilities in 2019?,"$205,947",overseas-shipholding-group-inc_2019,0a79d5cdef4dbfa5b6fa565e2e8f3d2c,"{'answer': ['205,947'], 'answer_type': 'span', 'scale': ''}",tat,fewshot
"How much was Interest expense, including administrative and other fees for 2019?","$25,633",overseas-shipholding-group-inc_2019,5588f44d7c6b68adc5b426b1476f6356,"{'answer': ['$25,633'], 'answer_type': 'span', 'scale': ''}",tat,fewshot
"How much was Interest expense, including administrative and other fees for 2018?","$30,890",overseas-shipholding-group-inc_2019,98769b3a9106ed5a8facd0428dc46359,"{'answer': ['$30,890'], 'answer_type': 'span', 'scale': ''}",tat,fewshot
What led to the decrease in interest expense?,The decrease in interest expense was primarily associated with the impact of the refinancing of the term loan at the end of 2018 and interest capitalized during 2019 due to vessels under construction.,overseas-shipholding-group-inc_2019,c79b7d1d989444d41bcb713a73e58607,"{'answer': ['primarily associated with the impact of the refinancing of our term loan at the end of 2018 and interest capitalized during 2019 due to vessels under construction.'], 'answer_type': 'span', 'scale': ''}",tat,fewshot
"What is the change in Interest before impact of interest rate caps from Years Ended December 31, 2018 to 2019?","The change in Interest before impact of interest rate caps from 2018 to 2019 is a decrease of $5,076 (from $30,709 in 2018 to $25,633 in 2019).",overseas-shipholding-group-inc_2019,981e6c344db50ea5714042c9cb42bb1c,"{'answer': ['-5076'], 'answer_type': 'arithmetic', 'scale': ''}",tat,fewshot
"What is the change in Interest expense from Years Ended December 31, 2018 to 2019?","The interest expense decreased by $5,257, from $30,890 in 2018 to $25,633 in",overseas-shipholding-group-inc_2019,368cb8e2d2ea86d8cbb6f76cfd6bb9b4,"{'answer': ['-5257'], 'answer_type': 'arithmetic', 'scale': ''}",tat,fewshot
"What is the average Interest before impact of interest rate caps for Years Ended December 31, 2018 to 2019?","The average Interest before impact of interest rate caps for the years ended December 31, 2018 and 2019 is $28,171.

Calculation: ($25,633 + $30,709) / 2 = $56,342 / 2 = $28,171.",overseas-shipholding-group-inc_2019,69977fcc3bdeb9ae684b21997c00ddab,"{'answer': ['28171'], 'answer_type': 'arithmetic', 'scale': ''}",tat,fewshot
What was the low sale price per share for each quarters in 2018 in chronological order?,"Based on the Common Stock Price Range table for 2018, the low sale prices per share for each quarter in chronological order were:

- **First Quarter**: $5.99
- **Second Quarter**: $4.79
- **Third Quarter**: $2.66
- **Fourth Quarter**: $1.88",lifeway-foods-inc_2019,f4c8e2d0155ac338249d0fe6feba49ac,"{'answer': ['$ 5.99', '$ 4.79', '$ 2.66', '$ 1.88'], 'answer_type': 'multi-span', 'scale': ''}",tat,fewshot
What is the symbol of the company's common stock that is listed on the Nasdaq Global Market?,LWAY,lifeway-foods-inc_2019,871af62021e2bd9a6ff15f9b1ba26d79,"{'answer': ['LWAY'], 'answer_type': 'span', 'scale': ''}",tat,fewshot
When did trading commence?,"Trading commenced on March 29, 1988.",lifeway-foods-inc_2019,3a2082df3368ab1247a35cee9ac5e62b,"{'answer': ['March 29, 1988'], 'answer_type': 'span', 'scale': ''}",tat,fewshot
"In 2018, how many quarters had stock prices lower than $2.00 during their lows?",1,lifeway-foods-inc_2019,7130d53318fa3977ec3d448f54829163,"{'answer': ['1'], 'answer_type': 'count', 'scale': ''}",tat,fewshot
"In the first quarter of 2018, what is the difference between the low and high price?",$2.41,lifeway-foods-inc_2019,a9ab61dd0d95ff725f8d9bb48bb438b2,"{'answer': ['2.41'], 'answer_type': 'arithmetic', 'scale': ''}",tat,fewshot
What is the average quarterly low price in 2018?,$3.83,lifeway-foods-inc_2019,b637d36bf7fdb821c3aed000c4f38fe6,"{'answer': ['3.83'], 'answer_type': 'arithmetic', 'scale': ''}",tat,fewshot
"What is the net sales for year ended December 31, 2019?","$93,662 (in thousands)",lifeway-foods-inc_2019,4dfce6a0dde12d956bd0ba66a02e4b5a,"{'answer': ['$ 93,662'], 'answer_type': 'span', 'scale': 'thousand'}",tat,fewshot
"What is the Cost of goods sold for year ended December 31, 2018?","$74,646 thousand",lifeway-foods-inc_2019,2d5247aae6e51c55ce4210fc77864688,"{'answer': ['$ 74,646'], 'answer_type': 'span', 'scale': 'thousand'}",tat,fewshot
"What is the total cost of goods sold for years ended December 31, 2018 and 2019 respectively?","For the year ended December 31, 2018: $77,492 thousand  
For the year ended December 31, 2019: $71,513 thousand",lifeway-foods-inc_2019,d3ef8fd4b3583394a5552b6bf7d0a292,"{'answer': ['$ 77,492', '$ 71,513'], 'answer_type': 'multi-span', 'scale': 'thousand'}",tat,fewshot
"What is the average amortization expense for years ended December 31, 2018 and 2019?","The amortization expense for the years ended December 31, 2019 and 2018 were $192 thousand and $631 thousand, respectively (as shown in the Consolidated Statements of Operations).

Average amortization expense = ($192 thousand + $631 thousand) / 2 = $411.5 thousand (or $411,500).",lifeway-foods-inc_2019,269130432b6ae71aa28a7c879b0dfba2,"{'answer': ['411.5'], 'answer_type': 'arithmetic', 'scale': 'thousand'}",tat,fewshot
"What is the total gross profit altogether for years ended December 31, 2018 and 2019?","$48,007 thousand (or $48,007,000)",lifeway-foods-inc_2019,ef0eca56ee563b50849f725cce0a585e,"{'answer': ['48007'], 'answer_type': 'arithmetic', 'scale': 'thousand'}",tat,fewshot
"What is the total selling expenses altogether for years ended December 31, 2018 and 2019?","$24,539 thousand (or $24.539 million)

This is the sum of selling expenses for 2019 ($11,062 thousand) and 2018 ($13,477 thousand) as shown in the Consolidated Statements of Operations.",lifeway-foods-inc_2019,3d554e239feaac37bc0b52ace9c26146,"{'answer': ['24539'], 'answer_type': 'arithmetic', 'scale': 'thousand'}",tat,fewshot
What is the provision (benefit) for total current income taxes for 2018 and 2019 respectively?,For 2019: $249 thousand; For 2018: $236 thousand,lifeway-foods-inc_2019,4b7153cbb854c224d6bb0fb509fe74fe,"{'answer': ['236', '249'], 'answer_type': 'multi-span', 'scale': ''}",tat,fewshot
What is the deferred provision (benefit) for income tax for 2018 and 2019 respectively?,"Based on the provided context, the deferred provision (benefit) for income taxes is:

- **2018**: $(461) thousand (benefit)
- **2019**: $533 thousand (provision)

This information appears in the table showing ""The provision (benefit) for income taxes consists of the following"" where the ""Deferred"" line shows $533 for 2019 and $(461) for 2018.",lifeway-foods-inc_2019,1098c97fef920d0f4107fa3be6f84e3a,"{'answer': ['(461)', '533'], 'answer_type': 'multi-span', 'scale': ''}",tat,fewshot
What is the total provision (benefit) for income taxes in 2019?,$782 thousand,lifeway-foods-inc_2019,02f7e36188fb5241c3b79c577969c9c1,"{'answer': ['782'], 'answer_type': 'span', 'scale': ''}",tat,fewshot
What is the change in provision (benefit) for state and local income taxes between 2018 and 2019?,"The provision for state and local income taxes was $276 thousand in 2019 and $249 thousand in 2018, representing an increase of $27 thousand.",lifeway-foods-inc_2019,0757aa24bf45a6d6e6d6669322b86129,"{'answer': ['27'], 'answer_type': 'arithmetic', 'scale': ''}",tat,fewshot
What is the average total current provision (benefit) for income taxes for 2018 and 2019?,The total current provision for income taxes was $249 thousand in 2019 and $236 thousand in 2018. The average is ($249 + $236) / 2 = $242.5 thousand.,lifeway-foods-inc_2019,fa0826e9da13dee9c708cf07e1887987,"{'answer': ['242.5'], 'answer_type': 'arithmetic', 'scale': ''}",tat,fewshot
What is the percentage change in provisions (benefit) for state and local income taxes between 2018 and 2019?,10.8%,lifeway-foods-inc_2019,5c0ddefaec11aaea7641c83b8e8ee365,"{'answer': ['10.84'], 'answer_type': 'arithmetic', 'scale': 'percent'}",tat,fewshot
What is the value of real estate taxes in 2018?,"The provided context does not contain any specific information about real estate taxes for 2018. The financial statements and notes include details on income taxes (federal, state, and local), deferred taxes, and various operating expenses, but there is no separate line item or disclosure for real estate taxes or property taxes.",lifeway-foods-inc_2019,f3f36466e3595177dee05fd432122387,"{'answer': ['398'], 'answer_type': 'span', 'scale': ''}",tat,fewshot
What is the value of  Payroll and incentive compensation  in 2019?,,lifeway-foods-inc_2019,42c150597a31cc2a2459139b7cf9bb80,"{'answer': ['3,009'], 'answer_type': 'span', 'scale': ''}",tat,fewshot
What is the total accrued expenses in 2019?,"$4,087 thousand",lifeway-foods-inc_2019,f63132271964495b894d5c59f7b50365,"{'answer': ['4,087'], 'answer_type': 'span', 'scale': ''}",tat,fewshot
What is the average real estate taxes for 2018 and 2019?,"The provided context does not contain information about real estate taxes or property taxes for 2018 and 2019. The tax information discussed in the document relates to income taxes (federal, state, and local), deferred income taxes, and tax provisions, but there is no separate line item or disclosure for real estate/property taxes.",lifeway-foods-inc_2019,75006d911eb541bafc8bfdfe43399b83,"{'answer': ['398'], 'answer_type': 'arithmetic', 'scale': ''}",tat,fewshot
What is the change in payroll and incentive compensation between 2018 and 2019?,"The provided context does not contain a specific line item or total for ""payroll",lifeway-foods-inc_2019,4b33b977256836fc6c3fbda16ba5844d,"{'answer': ['1072'], 'answer_type': 'arithmetic', 'scale': ''}",tat,fewshot
What is the percentage change in the total accrued expenses from 2018 to 2019?,"To calculate the percentage change in total accrued expenses from 2018 to 2019:

From the balance sheet and Note 6:
- **2019 total accrued expenses**: $4,087 thousand
- **2018 total accrued expenses**: $2,777 thousand

**Calculation**:
\[
\text{Percentage Change} = \frac{4,087 - 2,777}{2,777} \times 100 = \frac{1,310}{2,777} \times 100 \approx 47.2\",lifeway-foods-inc_2019,0e0ad7de3485110d26cb55f7d007c191,"{'answer': ['47.17'], 'answer_type': 'arithmetic', 'scale': 'percent'}",tat,fewshot
What is the value of buildings and improvements in 2018 and 2019 respectively?,"Based on the context provided in Note 4 – Property, Plant and Equipment, net:

- **2019**: $17,332 thousand
- **2018**: $17,520 thousand",lifeway-foods-inc_2019,83cb95ba9efedd8346b5f66758f4ab85,"{'answer': ['17,520', '17,332'], 'answer_type': 'multi-span', 'scale': ''}",tat,fewshot
What is the value of machinery and equipment in 2018 and 2019 respectively?,"Based on the Property, Plant and Equipment note (Note 4), the values for machinery and equipment are:

- **2019**: $30,670 thousand
- **2018**: $29,692 thousand

(Values are in thousands as indicated in the financial statements)",lifeway-foods-inc_2019,21502e160cffea38beb6bfa69e88a8a4,"{'answer': ['29,692', '30,670'], 'answer_type': 'multi-span', 'scale': ''}",tat,fewshot
What is the value of vehicles in 2018 and 2019 respectively?,"Based on the Property, Plant and Equipment note (Note 4), the values for vehicles are:

- **2019**: $778 thousand
- **2018**: $937 thousand

(Values are in thousands as indicated in the financial statements.)",lifeway-foods-inc_2019,30e01bc5c375a0ca44ab4c0dd14e5e1e,"{'answer': ['937', '778'], 'answer_type': 'multi-span', 'scale': ''}",tat,fewshot
What is the average value of vehicles for 2018 and 2019?,,lifeway-foods-inc_2019,fe59aeaff2948f598d69f262c6464889,"{'answer': ['857.5'], 'answer_type': 'arithmetic', 'scale': ''}",tat,fewshot
What is the change in the value of land between 2018 and 2019?,"The value of land decreased by $182 thousand from 2018 to 2019.

According to Note 4 – Property, Plant and Equipment, net:
- Land value on December 31, 2019: $1,565 thousand
- Land value on December 31, 2018: $1,747 thousand

Change: $1,565 - $1,747 = -$182 thousand (a decrease of $182 thousand)",lifeway-foods-inc_2019,f560afe7324f4c35e8f7da783c32aa22,"{'answer': ['-182'], 'answer_type': 'arithmetic', 'scale': ''}",tat,fewshot
"Which year has a higher total property, plant and equipment, net value?","2018 has a higher total property, plant and equipment, net value ($24,573 thousand) compared to 2019 ($22,274 thousand).",lifeway-foods-inc_2019,5a828e2230844940247c4dbe07bc8a41,"{'answer': ['2018'], 'answer_type': 'span', 'scale': ''}",tat,fewshot
What is the percentage of net sales from Cheese in 2018 and 2019 respectively?,"According to the net sales by category table, Cheese accounted for:
- **2019: 12%** of net sales ($11,459 thousand)
- **2018: 11%** of net sales ($11,486 thousand)",lifeway-foods-inc_2019,75e6ca02ab71725f685af6ab838f05d2,"{'answer': ['11%', '12%'], 'answer_type': 'multi-span', 'scale': ''}",tat,fewshot
What is the amount of net sales from ProBugs Kelir in 2018 and 2019 respectively?,"Based on the provided context, the net sales for ProBugs Kefir were:

- **2019**: $2,780 thousand (or $2,780,000)
- **2018**: $2,795 thousand (or $2,795,000)

These figures are from the ""Net sales of products by category"" table, which states values are ""In thousands.""",lifeway-foods-inc_2019,0022a9993b61830a838d232e2e840b27,"{'answer': ['2,795', '2,780'], 'answer_type': 'multi-span', 'scale': 'thousand'}",tat,fewshot
What does the table show?,,lifeway-foods-inc_2019,83a78d0daf6d8f9ce353ded1a0291a2d,"{'answer': ['Net sales of products by category were as follows for the years ended December 31'], 'answer_type': 'span', 'scale': ''}",tat,fewshot
What is the difference in net sales between drinkable Kefir other than ProBugs and Cheese in 2019?,"$60,363 thousand (or $60.363 million)",lifeway-foods-inc_2019,d48d36b8b28ebabb0e63ac6a5a0039e2,"{'answer': ['60363'], 'answer_type': 'arithmetic', 'scale': 'thousand'}",tat,fewshot
What is the average total net sales for both 2018 and 2019?,"The net sales figures from the Consolidated Statements of Operations are:
- 2019: $93,662 thousand
- 2018: $103,350 thousand

Average total net sales = ($93,662 + $103,350) / 2 = $197,012 / 2 = $98,506 thousand

**$98,506 thousand** (or $98.506 million)",lifeway-foods-inc_2019,20f24ba8ce1e550df381d2edf4359e70,"{'answer': ['98506'], 'answer_type': 'arithmetic', 'scale': 'thousand'}",tat,fewshot
What is the percentage constitution of net sales from Frozen Kefir among the total net sales in 2019?,2%,lifeway-foods-inc_2019,5b53e0ca06203f7703b6c4f8057e3c87,"{'answer': ['1.73'], 'answer_type': 'arithmetic', 'scale': 'percent'}",tat,fewshot
By how much did the fair value exceed the carrying value by?,2.4%,lifeway-foods-inc_2019,808a65707eb0160408627b44eba7ff50,"{'answer': ['2.4%'], 'answer_type': 'span', 'scale': ''}",tat,fewshot
What does the company use to estimate fair value?,"The company uses several methods to estimate fair value:

1. **Income approach** - discounted cash flows (present value of estimated future cash flows)
2. **Market approach** - market multiples analysis using revenue and earnings multiples from comparable publicly-traded companies
3. **Relief from royalty method** - used for indefinite-lived intangible assets (brand names)
4. **Fair value hierarchy** - Level 1 (quoted prices in active markets), Level 2 (observable inputs), and Level 3 (unobservable inputs reflecting management's estimates)

For goodwill impairment testing specifically, they use a combination of the income approach and market approach for their single reporting unit.",lifeway-foods-inc_2019,753dac607eb78875a55eb7d8bd15cf8e,"{'answer': ['Widely accepted valuation techniques including discounted cash flows and market multiples analysis with respect to our single reporting unit'], 'answer_type': 'span', 'scale': ''}",tat,fewshot
"What is the value of brand names as of December 31, 2019?","$3,700",lifeway-foods-inc_2019,3bb89358397128cfbd5cdc0b0eaa1094,"{'answer': ['3,700'], 'answer_type': 'span', 'scale': ''}",tat,fewshot
What is the change in the value of brand names between 2018 and 2019?,"The value of brand names remained unchanged at $3,700 thousand for both 2018 and 2019, so the change is $0.",lifeway-foods-inc_2019,ec84e524463dfd906ae9c37d739c610f,"{'answer': ['0'], 'answer_type': 'arithmetic', 'scale': ''}",tat,fewshot
What is the average goodwill and indefinite lived intangible assets for 2018 and 2019?,"$12,824 (in thousands)",lifeway-foods-inc_2019,62f4bfdc1f449f4de18e2c8327cb18fd,"{'answer': ['12824'], 'answer_type': 'arithmetic', 'scale': ''}",tat,fewshot
What is the percentage constitution of brand names among the total goodwill and indefinite lived intangible assets in 2019?,"28.85% (calculated as $3,700 ÷ $12,824 × 100)",lifeway-foods-inc_2019,93bc597e64554174f2373c633c17af3e,"{'answer': ['28.85'], 'answer_type': 'arithmetic', 'scale': 'percent'}",tat,fewshot
What is the value of ingredients in 2019?,"$1,942 thousand",lifeway-foods-inc_2019,6b41744c73e0634e3aeb6b4539b75742,"{'answer': ['1,942'], 'answer_type': 'span', 'scale': ''}",tat,fewshot
What is the value of packaging in 2019?,"$2,230 thousand",lifeway-foods-inc_2019,02130d446b042f4200ca78052453993c,"{'answer': ['2,230'], 'answer_type': 'span', 'scale': ''}",tat,fewshot
What is the value of finished goods in 2019?,"$2,220",lifeway-foods-inc_2019,94d0b308be53d41130ab3d9a2dabaaad,"{'answer': ['2,220'], 'answer_type': 'span', 'scale': ''}",tat,fewshot
What is the percentage change in ingredients between 2018 and 2019?,"The ingredients value was $1,942 thousand in 2019 and $1,580 thousand in 2018.

Percentage change = (($1,942 - $1,580) / $1,580) × 100 = ($362 / $1,580) × 100 ≈ 22.9% increase.",lifeway-foods-inc_2019,077fac86dd9c8cd78b834fbdbe0885be,"{'answer': ['22.91'], 'answer_type': 'arithmetic', 'scale': 'percent'}",tat,fewshot
What is the change in finished goods between 2018 and 2019?,"The change in finished goods between 2018 and 2019 was an increase of $55 thousand (from $2,165 thousand in 2018 to $2,220 thousand in 2019).",lifeway-foods-inc_2019,fee41628b782d6cc850711ba205d0eb3,"{'answer': ['55'], 'answer_type': 'arithmetic', 'scale': ''}",tat,fewshot
What is the average value of packaging for years 2018 and 2019?,"The packaging values from the inventory table are:
- 2019: $2,230 thousand
- 2018: $2,072 thousand

Average = ($2,230 + $2,072) / 2 = $4,302 / 2 = $2,151 thousand

$2,151 thousand (or $2.151 million)",lifeway-foods-inc_2019,ff6afb9d6b8d01ad451ccf6b9920ccb6,"{'answer': ['2151'], 'answer_type': 'arithmetic', 'scale': ''}",tat,fewshot
"What is the value of the intangible asset at December 31, 2019 expected to be amortized in 2020?",$152 (in thousands),lifeway-foods-inc_2019,08c63eadfa7891718baf36ff4525beeb,"{'answer': ['$152'], 'answer_type': 'span', 'scale': ''}",tat,fewshot
What is the value of recipes in 2018 and 2019 respectively?,"The provided context does not contain specific information about the value of ""recipes"" for 2018 and 2019. The financial statements show intangible assets (goodwill and other intangibles) but do not break out recipes as a separate line item with specific values for those years.",lifeway-foods-inc_2019,4cb79dfe572f814f50c02a61639f2094,"{'answer': ['$ 44', '$ 44'], 'answer_type': 'multi-span', 'scale': ''}",tat,fewshot
What is the value of customer relationships in 2018 and 2019 respectively?,Customer relationships were valued at $985 thousand in both 2018 and 2019.,lifeway-foods-inc_2019,719ef48aead1f283a692fedbeae4622a,"{'answer': ['985', '985'], 'answer_type': 'multi-span', 'scale': ''}",tat,fewshot
What is the change in the value of customer relationships between 2018 and 2019?,"The provided context does not contain information about the value of customer relationships for either 2018 or 2019, so the change cannot be determined from this text. The financial statements shown include balance sheet items (liabilities, stockholders' equity) and income statement items (net sales, cost of goods sold), but no line item for ""customer relationships"" or similar intangible assets.",lifeway-foods-inc_2019,7622984778061cb2468425d5534a99e6,"{'answer': ['0'], 'answer_type': 'arithmetic', 'scale': ''}",tat,fewshot
What is the average value of trade names for both 2018 and 2019?,"The provided context does not contain specific information about the value of trade names for 2018 and 2019. The financial statements show ""Total intangible assets"" of $12,976 thousand for 2019 and $13,168 thousand for 2018, but there is no breakdown of intangible assets into components such as trade names, goodwill, or other specific intangible assets.",lifeway-foods-inc_2019,3ead03b4712e86e15034c9fabc0f1b9b,"{'answer': ['2248'], 'answer_type': 'arithmetic', 'scale': ''}",tat,fewshot
Which year has a higher value of net intangible assets?,2018,lifeway-foods-inc_2019,2e75df802943b85f4f9e92bc20cfa689,"{'answer': ['2018'], 'answer_type': 'span', 'scale': ''}",tat,fewshot
What is net sales from cheese in 2018 and 2019 respectively?,"Based on the provided context, net sales from cheese were:

- **2019**: $11,459 thousand (12% of total net sales)
- **2018**: $11,486 thousand (11% of total net sales)

*Note: Values are reported in thousands as indicated in the financial table.*",lifeway-foods-inc_2019,bc9c09b72c0915325eba413a8b9a1a3d,"{'answer': ['11,486', '11,459'], 'answer_type': 'multi-span', 'scale': 'thousand'}",tat,fewshot
What is net sales from cream and other in 2018 and 2019 respectively?,"Based on the net sales by category table in the context:

- **2019**: $4,228 thousand (4% of total net sales)
- **2018**: $5,276 thousand (5% of total net sales)

Note: The values are reported in thousands as indicated in the table header ""In thousands"".",lifeway-foods-inc_2019,05d6f0b7266caa424d82675ec4d0ca2e,"{'answer': ['5,276', '4,228'], 'answer_type': 'multi-span', 'scale': 'thousand'}",tat,fewshot
What is net sales from ProBugs Kefir in 2018 and 2019 respectively?,"Based on the provided context, the net sales from ProBugs Kefir were:

- **2019**: $2,780 thousand (3% of total net sales)
- **2018**: $2,795 thousand (3% of total net sales)

These figures are from the ""Net sales of products by category"" table, which notes the values are ""In thousands.""",lifeway-foods-inc_2019,2f2b6b2954f6943f6d6da265a4c0d442,"{'answer': ['2,795', '2,780'], 'answer_type': 'multi-span', 'scale': 'thousand'}",tat,fewshot
How many product categories are available?,"Based on the net sales breakdown table in the context, there are **6 product categories**:

1. Drinkable Kefir other than ProBugs
2. Cheese
3. Cream and other
4. ProBugs Kefir
5. Other dairy
6. Frozen Kefir",lifeway-foods-inc_2019,35c34d8747c64c231b217c6682fc6123,"{'answer': ['6'], 'answer_type': 'count', 'scale': ''}",tat,fewshot
What is the change in the net sales for cheese between 2018 and 2019?,"The net sales for cheese decreased by $27 thousand (from $11,486 thousand in 2018 to $11,459 thousand in 2019).",lifeway-foods-inc_2019,d3ec26df2ae21b522296822a9f25e846,"{'answer': ['-27'], 'answer_type': 'arithmetic', 'scale': 'thousand'}",tat,fewshot
What is the percentage change in net sales from Frozen Kefir between 2018 and 2019?,"The net sales for Frozen Kefir were $1,617 thousand in 2019 and $1,434 thousand in 2018.

Percentage change = (($1,617 - $1,434) / $1,434) × 100 = ($183 / $1,434) × 100 ≈ 12.8% increase.",lifeway-foods-inc_2019,0348eb3a1a522c486ac40488208708ff,"{'answer': ['12.76'], 'answer_type': 'arithmetic', 'scale': 'percent'}",tat,fewshot
How much were Audit fees in 2019?,"$3,631,575",viavi-solutions-inc_2019,1e6aad30f05774a94864c3f583e38cae,"{'answer': ['$3,631,575'], 'answer_type': 'span', 'scale': ''}",tat,fewshot
How much were Tax Fees in 2019?,"$169,776",viavi-solutions-inc_2019,7cdc802372c5af5437ddcf061b734185,"{'answer': ['169,776'], 'answer_type': 'span', 'scale': ''}",tat,fewshot
What is the change in Audit Fees as a percentage between 2018 and 2019?,"The Audit Fees decreased by approximately 4.04% from fiscal 2018 to fiscal 2019.

Calculation:
- Fiscal 2018 Audit Fees: $3,784,488
- Fiscal 2019 Audit Fees: $3,631,575
- Change: $3,631,575 - $3,784,488 = -$152,913
- Percentage change: (-$152,913 / $3,784,488) × 100 = -4.04%",viavi-solutions-inc_2019,8939624e79668a97d484c68cec924fe3,"{'answer': ['-4.04'], 'answer_type': 'arithmetic', 'scale': 'percent'}",tat,fewshot
What is the change in All Other Fees as a percentage between 2018 and 2019?,25% increase,viavi-solutions-inc_2019,f60e9d38b6711c488e0cbe5221285710,"{'answer': ['25'], 'answer_type': 'arithmetic', 'scale': 'percent'}",tat,fewshot
What is the total of Tax Fees and All Other Fees in 2019?,"174,276",viavi-solutions-inc_2019,0608763ee84c91150321c97071aea482,"{'answer': ['174276'], 'answer_type': 'arithmetic', 'scale': ''}",tat,fewshot
What are Audit-Related fees related to?,Audit-Related Fees are related to due diligence services for acquisition activities incurred in fiscal 2018.,viavi-solutions-inc_2019,fd0e208e17bab8e872774c623e895737,"{'answer': ['Audit-Related Fees are related to due diligence services for our acquisition activities incurred in fiscal 2018.'], 'answer_type': 'span', 'scale': ''}",tat,fewshot
How much did Keith Barnes earn in cash?,"$102,500",viavi-solutions-inc_2019,e5c6bfddbd32d79ccd752424c7e2cd5c,"{'answer': ['102,500'], 'answer_type': 'span', 'scale': ''}",tat,fewshot
How much did Donald Colvin earn in cash?,"The provided context does not specify Donald Colvin's cash earnings. The text mentions Donald Colvin as a director nominee with 103,910 shares granted under the 2003 Equity Incentive",viavi-solutions-inc_2019,d1a4ba4e1af05c60efa468f953a4f8ca,"{'answer': ['97,500'], 'answer_type': 'span', 'scale': ''}",tat,fewshot
Why was Oleg Khaykin not included in the table?,"Based on the provided context, Oleg Khaykin **is included** in all the compensation tables shown. He appears in:

1. **Summary Compensation Table** (page 44) - First row, showing his 2017-2019 compensation
2. **Base Salary Comparison Table** - Shows his salary increase from $750,000 (2018) to $800,000 (2019)
3. **Potential Payments Upon Termination Table** - Listed with detailed severance amounts
4. **Executive Officer Table** - Listed as President and CEO, age 54
5. **CEO Pay Ratio Section** - Referenced as the CEO for pay ratio calculation
6. **Inducement Awards Section** - Details his initial equity grants upon joining in 2016

There is no table in the provided context from which Oleg Khaykin is excluded. He is the CEO and appears in every compensation-related table presented",viavi-solutions-inc_2019,709f074cedfe004a3ac89c260ec6f06a,"{'answer': ['he was an employee of the Company and as such received no compensation for his services as a director.'], 'answer_type': 'span', 'scale': ''}",tat,fewshot
What is the difference between  Richard E. Belluzzo's total compensation as compared to Laura Black?,"$92,500",viavi-solutions-inc_2019,f1b63dd3002720ebbffa8f36d852d351,"{'answer': ['92500'], 'answer_type': 'arithmetic', 'scale': ''}",tat,fewshot
What is the summed compensation for the top 3 most compensated directors?,"$894,951",viavi-solutions-inc_2019,ddbeb443efa1bb2757619f4162915f89,"{'answer': ['894951'], 'answer_type': 'arithmetic', 'scale': ''}",tat,fewshot
What is the percentage difference of the total compensation between Timothy Campos and Tor Braham?,,viavi-solutions-inc_2019,5cff0439063c6a496073ce4b55591d0b,"{'answer': ['4.07'], 'answer_type': 'arithmetic', 'scale': 'percent'}",tat,fewshot
How much was Gary Staley's sign-on bonus when he joined the company in February 2017?,"$60,000",viavi-solutions-inc_2019,78317e9c82de1a46fd1d34b9a88fa14a,"{'answer': ['$60,000'], 'answer_type': 'span', 'scale': 'thousand'}",tat,fewshot
What was the maximum possible value of MSU's using grant date fair value for Oleg Khaykin in 2018?,"2,457,750",viavi-solutions-inc_2019,96972078a5d90f3108d4d551a5862ac2,"{'answer': ['2,457,750'], 'answer_type': 'span', 'scale': ''}",tat,fewshot
What was the maximum possible value of MSU's using grant date fair value for Paul McNab in 2019?,"$591,150",viavi-solutions-inc_2019,4f1deea454898e37ff21e954bde22598,"{'answer': ['591,150'], 'answer_type': 'span', 'scale': ''}",tat,fewshot
What was the change in maximum possible value of MSU's using grant date fair value for Paul McNab between 2017 and 2018 as a percentage?,"To calculate the percentage change in maximum possible value of MSUs for Paul McNab between 2017 and 2018:

From the table:
- 2017: $373,425
- 2018: $442,395

Change = $442,395 - $373,425 = $68,970

Percentage change = ($68,970 / $373,425) × 100 = 18.47%

The maximum possible value of MSUs for Paul McNab increased by approximately **18.5%** from 2017 to 2018.",viavi-solutions-inc_2019,08fb8e9b29d951164cbe057f7a5030d2,"{'answer': ['18.47'], 'answer_type': 'arithmetic', 'scale': 'percent'}",tat,fewshot
What is the difference between the maximum possible value of PSUs in 2018 between Oleg Khaykin and Amar Maletira?,"The maximum possible value of PSUs in 2018 for Oleg Khaykin was $909,900, while for Amar Maletira it was $454,950. The difference is $454,950.",viavi-solutions-inc_2019,8bb83716c00a106bec61fad2b0644331,"{'answer': ['454950'], 'answer_type': 'arithmetic', 'scale': ''}",tat,fewshot
How much does the top 2 maximum possible value of MSUs in 2019 add up to?,"5,446,876",viavi-solutions-inc_2019,8da183c1a1a5e21b6fb5a1249cd2c661,"{'answer': ['5446876'], 'answer_type': 'arithmetic', 'scale': ''}",tat,fewshot
When does the Compensation Committee review compensation levels?,The Compensation Committee reviews compensation levels at the beginning of each fiscal year.,viavi-solutions-inc_2019,a695bc5b361373ee2986ddd65be83da8,"{'answer': ['at the beginning of each fiscal year'], 'answer_type': 'span', 'scale': ''}",tat,fewshot
What was Oleg Khaykin's base salary in 2018?,"$750,000",viavi-solutions-inc_2019,b5e0e7e1fa87c2fe72385a9685693a1d,"{'answer': ['$750,000'], 'answer_type': 'span', 'scale': ''}",tat,fewshot
What was Gary Staley's base salary in 2018?,"$360,000",viavi-solutions-inc_2019,2f8b1c4c2f237c0c7270a2defeb43521,"{'answer': ['$360,000'], 'answer_type': 'span', 'scale': ''}",tat,fewshot
What was the total base salary of all Named Executive Officers in 2018?,"$2,342,000",viavi-solutions-inc_2019,905aa20987e1e1add72e937739fb5352,"{'answer': ['2342000'], 'answer_type': 'arithmetic', 'scale': ''}",tat,fewshot
How much do the top 3 base salaries in 2019 add up to?,"$1,735,000",viavi-solutions-inc_2019,e8eeb246e30ad819ff2b6b8a5ad098da,"{'answer': ['1735000'], 'answer_type': 'arithmetic', 'scale': ''}",tat,fewshot
What is the difference in base salary between Paul McNab and Luke Scrivanch in 2018?,"$63,000",viavi-solutions-inc_2019,bab357c32017c3f4e8266a11c15c97d3,"{'answer': ['63000'], 'answer_type': 'arithmetic', 'scale': ''}",tat,fewshot
What was the weighted average remaining amortization period for the Company’s software development costs?,1.61 years,inpixon_2019,70567b5e026df5d365bad8f7ca96a742,"{'answer': ['1.61 years'], 'answer_type': 'span', 'scale': ''}",tat,fewshot
What was the net software development costs in 2019?,"$1,544 thousand",inpixon_2019,0f598bc309e0da15187f39e4881eed66,"{'answer': ['1,544'], 'answer_type': 'span', 'scale': 'thousand'}",tat,fewshot
What was the Capitalized software development costs in 2019?,,inpixon_2019,b89d7e9fa3fbc7eb5dc2d6bb688f52e0,"{'answer': ['$6,029'], 'answer_type': 'span', 'scale': 'thousand'}",tat,fewshot
"In which year was Capitalized software development costs less than 6,000 thousands?",2018,inpixon_2019,26d4df10f38152a6d72af50918480afb,"{'answer': ['2018'], 'answer_type': 'span', 'scale': ''}",tat,fewshot
"What was the average Software development costs, net for 2018 and 2019?","The average Software development costs, net for 2018 and 2019 was $1,617 thousand (or $1.617 million).

Calculation:
- 2019: $1,544 thousand
- 2018: $1,690 thousand
- Average: ($1,544 + $1,690) / 2 = $1,617 thousand",inpixon_2019,27fc4bb030b26d202cd8b18ba5c6993c,"{'answer': ['1617'], 'answer_type': 'arithmetic', 'scale': 'thousand'}",tat,fewshot
What was the change in Accumulated amortization from 2018 to 2019?,"The total accumulated amortization increased from $15,175 thousand in 2018 to $18,808 thousand in 2019, a change of $3,633 thousand.",inpixon_2019,cf649b7b26933abd29572697283fbf67,"{'answer': ['-1073'], 'answer_type': 'arithmetic', 'scale': 'thousand'}",tat,fewshot
What does cash and cash equivalents consist of?,"Cash and cash equivalents consist of cash, checking accounts, money market accounts and temporary investments with maturities of three months or less when purchased.",inpixon_2019,c97f3158996e35cf911eec06d020badc,"{'answer': ['cash, checking accounts, money market accounts and temporary investments with maturities of three months or less when purchased.'], 'answer_type': 'span', 'scale': ''}",tat,fewshot
What was the amount in escrow as restricted cash at 2019 and 2018 respectively?,"As of December 31, 2019, the Company had $72,000 deposited in escrow as restricted cash. As of December 31, 2018, the Company had $140,000 deposited in escrow as restricted cash.",inpixon_2019,f14766d60aaa9fc5ad134af01d563db4,"{'answer': ['72,000', '140,000'], 'answer_type': 'multi-span', 'scale': ''}",tat,fewshot
What was the Cash and cash equivalents in 2019 and 2018 respectively?,"Based on the provided context, the Cash and cash equivalents were:

- **2019**: $4,777,000 (shown as $4,777 in thousands)
- **2018**: $1,008,000 (shown as $1,008 in thousands)

This information appears in the ""Liquidity and Capital Resources"" table under ""As of December 31, 2019"" and ""As of December 31, 2018"" columns. The table indicates values are presented in thousands.",inpixon_2019,e250c6d151f82129e6566ebaddc73842,"{'answer': ['$4,777', '$1,008'], 'answer_type': 'multi-span', 'scale': 'thousand'}",tat,fewshot
"In which year  was Restricted cash included in other assets, noncurrent less than 70 thousands?",2019,inpixon_2019,4c034fe335b977c2e3f2f25614ed980b,"{'answer': ['2019'], 'answer_type': 'span', 'scale': ''}",tat,fewshot
What is the average Restricted cash for 2018 and 2019?,"$71,000",inpixon_2019,075b7e72ffc091bf455c2538c63427fd,"{'answer': ['71'], 'answer_type': 'arithmetic', 'scale': 'thousand'}",tat,fewshot
What was the change in the Cash and cash equivalents from 2018 to 2019?,"The Cash and cash equivalents increased from $1,008 thousand (as of December 31, 2018) to $4,777 thousand (as of December 31, 2019), a change of $3,769 thousand (or $3.769 million).",inpixon_2019,6d15a96c5f27f3b233a271e83716f239,"{'answer': ['3769'], 'answer_type': 'arithmetic', 'scale': 'thousand'}",tat,fewshot
How does the company account for options granted to employees?,"The company accounts for equity instruments issued to employees by recording awards at their fair value on the date of grant and amortizing them over the vesting period of the award. Compensation costs are recognized over the requisite service period, which is generally the vesting term of the equity instrument issued. The fair value of each employee option grant is estimated on the grant date using the Black-Scholes option-pricing model.",inpixon_2019,fde5598a4f22f1775d27e488f367cdb7,"{'answer': ['by measuring the cost of services received in exchange for the award of equity instruments based upon the fair value of the award on the date of grant.'], 'answer_type': 'span', 'scale': ''}",tat,fewshot
How are options and warrants granted to consultants and other non-employees recorded?,"Options and warrants granted to consultants and other non-employees are recorded at fair value as of the grant date and subsequently adjusted to fair value at the end of each reporting period until such options and warrants vest. The fair value of such instruments, as adjusted, is expensed over the related vesting period.",inpixon_2019,939d522efba6ed71641b9e171202ade1,"{'answer': ['at fair value as of the grant date and subsequently adjusted to fair value at the end of each reporting period until such options and warrants vest, and the fair value of such instruments, as adjusted, is expensed over the related vesting period.'], 'answer_type': 'span', 'scale': ''}",tat,fewshot
What was the Compensation and related benefits in 2019 and 2018 respectively?,,inpixon_2019,4a97a3a079b9d171bb3e3c05a5d558fa,"{'answer': ['$3,247', '$949'], 'answer_type': 'multi-span', 'scale': 'thousand'}",tat,fewshot
In which year was Professional and legal fees less than 500 thousands?,2019,inpixon_2019,5a3992fcbf566781e86fa2f601ee00c0,"{'answer': ['2019'], 'answer_type': 'span', 'scale': ''}",tat,fewshot
What is the change in the Compensation and related benefits from 2018 to 2019?,,inpixon_2019,5054d45adbd840b3f404ea4a2066663d,"{'answer': ['2298'], 'answer_type': 'arithmetic', 'scale': 'thousand'}",tat,fewshot
What was the average Professional and legal fees for 2018 and 2019?,,inpixon_2019,d7d2b6427fb0f566a3ac2e90d842dd06,"{'answer': ['393.5'], 'answer_type': 'arithmetic', 'scale': 'thousand'}",tat,fewshot
